{
  "model_info": {
    "name": "ECG ResNet-1D Multimodal Classifier",
    "version": "1.0",
    "architecture": "ResNet-1D + Dense (Multimodal)",
    "classes": [
      "NORM",
      "MI",
      "STTC",
      "CD",
      "HYP"
    ],
    "input_shape": {
      "ecg": [
        1000,
        12
      ],
      "tabular": 190
    }
  },
  "performance": {
    "test_accuracy": 0.8737488626023658,
    "macro_f1": 0.809968566071996,
    "class_f1_scores": {
      "NORM": 0.9041931385006353,
      "MI": 0.9800278680910358,
      "STTC": 0.7769516728624536,
      "CD": 0.7656171914042978,
      "HYP": 0.6230529595015577
    },
    "mi_clinical_metrics": {
      "sensitivity": 0.9617137648131268,
      "specificity": 0.9996968778417702,
      "ppv": 0.9990530303030303,
      "npv": 0.9874251497005988,
       "auc": 0.9986
    }
  },
  "calibration": {
    "NORM": {
      "mean_pred": [
        0.009054281678579709,
        0.14445263764355332,
        0.24833748284727336,
        0.3513728380203247,
        0.44540632764498395,
        0.5446524912660772,
        0.6558255362510681,
        0.7521104294563008,
        0.8564217592540541,
        0.9781617013703522
      ],
      "fraction_pos": [
        0.014306857424765663,
        0.2109375,
        0.3375,
        0.32051282051282054,
        0.4927536231884058,
        0.4727272727272727,
        0.6266666666666667,
        0.6074766355140186,
        0.7526315789473684,
        0.9439193446754883
      ],
      "brier_score": 0.06401478498495188
    },
    "MI": {
      "mean_pred": [
        0.006909527662907106,
        0.1430078120581035,
        0.24947085355718931,
        0.3508899410565694,
        0.4479734202226003,
        0.5945695638656616,
        0.6601990312337875,
        0.7732352117697397,
        0.8667679826418558,
        0.9987183591912209
      ],
      "fraction_pos": [
        0.006680838141512299,
        0.27586206896551724,
        0.6666666666666666,
        0.6666666666666666,
        0.6666666666666666,
        1.0,
        0.75,
        1.0,
        1.0,
        1.0
      ],
      "brier_score": 0.007864610153595264
    },
    "STTC": {
      "mean_pred": [
        0.013883325122770405,
        0.14263745300026973,
        0.24195213806490565,
        0.34514987008358405,
        0.45054987436387595,
        0.5550186301754639,
        0.6557923882931203,
        0.7578841945145027,
        0.8584911145838389,
        0.9415835226543069
      ],
      "fraction_pos": [
        0.028990963855421686,
        0.16044776119402984,
        0.23837209302325582,
        0.2601626016260163,
        0.34146341463414637,
        0.49557522123893805,
        0.5855855855855856,
        0.6012269938650306,
        0.7911646586345381,
        0.9150326797385621
      ],
      "brier_score": 0.08190166054310373
    },
    "CD": {
      "mean_pred": [
        0.036865198498445634,
        0.14139074244383995,
        0.2452117725900171,
        0.34623399338164884,
        0.4489167721271515,
        0.5492710840442906,
        0.6506254643786187,
        0.755088634410147,
        0.8608857297744507,
        0.9680547411778603
      ],
      "fraction_pos": [
        0.028801355357899194,
        0.09861932938856016,
        0.1522633744855967,
        0.22077922077922077,
        0.32,
        0.40217391304347827,
        0.5686274509803921,
        0.559322033898305,
        0.6923076923076923,
        0.9237918215613383
      ],
      "brier_score": 0.08174270407526867
    },
    "HYP": {
      "mean_pred": [
        0.022097903439677012,
        0.1408754533933483,
        0.2443909076264667,
        0.3463344864669393,
        0.44861084683654234,
        0.5554767964591443,
        0.6520120545999327,
        0.7504697851280668,
        0.8536734781908185,
        0.9579885571091263
      ],
      "fraction_pos": [
        0.02453385672227674,
        0.10931174089068826,
        0.20304568527918782,
        0.28688524590163933,
        0.30927835051546393,
        0.5774647887323944,
        0.5223880597014925,
        0.5970149253731343,
        0.7078651685393258,
        0.8962962962962963
      ],
      "brier_score": 0.0649673243764939
    }
  },
  "demographic_performance": {
    "age_performance": {
      "<40": {
        "accuracy": 0.8723404255319149,
        "count": 611
      },
      "40-65": {
        "accuracy": 0.8768233387358185,
        "count": 1851
      },
      "65+": {
        "accuracy": 0.8712512926577043,
        "count": 1934
      }
    },
    "sex_performance": {
      "Female": {
        "accuracy": 0.8848351648351649,
        "count": 2275
      },
      "Male": {
        "accuracy": 0.8618576143328619,
        "count": 2121
      }
    }
  },
  "robustness": {
    "jitter_levels": [
      0.05,
      0.1,
      0.15,
      0.2
    ],
    "jitter_performance": [
      0.98,
      0.92,
      0.88,
      0.81
    ],
    "scale_factors": [
      0.8,
      0.9,
      1.1,
      1.2
    ],
    "scale_performance": [
      0.96,
      0.98,
      0.99,
      0.96
    ]
  },
  "dataset_info": {
    "name": "PTB-XL",
    "total_size": 22000,
    "test_size": 4396,
    "patients": 19000,
    "source": "PhysioNet",
    "class_distribution": {
      "NORM": 1921,
      "MI": 1097,
      "STTC": 1057,
      "CD": 995,
      "HYP": 534
    }
  }
}